ID,CATEGORY,ACCIDENTS,FATALITIES,FATALITIES_PERK
1,Bicyclist,7053,51,7.230965547
2,Driver,144247,817,5.663895956
3,Motorcylist,12239,208,16.99485252
4,Pedestrian,8387,188,22.41564326
